<?xml version='1.0' encoding='UTF-8'?>
<project name="javadoc-com.tibco.sample.feature_1.0.0.002" 
         default="javadoc" 
         basedir="." >

    <target name="javadoc-clean" >
        <delete includeemptydirs="true" >
            <fileset dir="D:\work\repo\builder\devtools\trunk\tools\sample\plugins\docs.com.tibco.sample\html\reference\javadoc" 
                     includes="**/*" />
        </delete>
    </target>

    <target name="javadoc" 
            depends="javadoc-clean" >
        <javadoc destdir="D:\work\repo\builder\devtools\trunk\tools\sample\plugins\docs.com.tibco.sample\html\reference\javadoc" 
                 useexternalfile="true" 
                 bottom="&lt;i>Copyright &amp;#169; 2015 TIBCO Software Inc. All Rights Reserved.&lt;/i>" 
                 windowtitle="Simple Sample Feature" 
                 use="true" 
                 author="false" 
                 version="true" >
            <classpath >
                <pathelement location="D:\work\repo\builder\tt\tools\eclipse-sdk-3.7.2\plugins\javax.servlet_2.5.0.v201103041518.jar" />
                <pathelement location="D:\work\repo\builder\tt\tools\eclipse-sdk-3.7.2\plugins\org.eclipse.ui.workbench.compatibility_3.2.100.I20110413-1600\compatibility.jar" />
                <pathelement location="D:\work\repo\builder\tt\tools\eclipse-sdk-3.7.2\plugins\org.eclipse.core.databinding.property_1.4.0.I20110222-0800.jar" />
                <pathelement location="D:\work\repo\builder\tt\tools\eclipse-sdk-3.7.2\plugins\org.eclipse.swt_3.7.2.v3740f.jar" />
                <pathelement location="D:\work\repo\builder\tt\tools\eclipse-sdk-3.7.2\plugins\org.eclipse.ant.core_3.2.302.v20120110-1739.jar" />
                <pathelement location="D:\work\repo\builder\tt\tools\eclipse-sdk-3.7.2\plugins\org.eclipse.swt.win32.win32.x86_64_3.7.2.v3740f.jar" />
                <pathelement location="D:\work\repo\builder\tt\tools\eclipse-sdk-3.7.2\plugins\org.eclipse.core.databinding.observable_1.4.0.I20110222-0800.jar" />
                <pathelement location="D:\work\repo\builder\tt\tools\eclipse-sdk-3.7.2\plugins\org.eclipse.equinox.app_1.3.100.v20110321.jar" />
                <pathelement location="D:\work\repo\builder\tt\tools\eclipse-sdk-3.7.2\plugins\org.eclipse.ui_3.7.0.v20110928-1505.jar" />
                <pathelement location="D:\work\repo\builder\tt\tools\eclipse-sdk-3.7.2\plugins\org.eclipse.core.variables_3.2.500.v20110928-1503.jar" />
                <pathelement location="D:\work\repo\builder\tt\tools\eclipse-sdk-3.7.2\plugins\org.eclipse.equinox.common_3.6.0.v20110523.jar" />
                <pathelement location="D:\work\repo\builder\tt\tools\eclipse-sdk-3.7.2\plugins\org.eclipse.equinox.preferences_3.4.2.v20120111-2020.jar" />
                <pathelement location="D:\work\repo\builder\tt\tools\eclipse-sdk-3.7.2\plugins\org.eclipse.core.expressions_3.4.300.v20110228.jar" />
                <pathelement location="D:\work\repo\builder\tt\tools\eclipse-sdk-3.7.2\plugins\com.ibm.icu_4.4.2.v20110823.jar" />
                <pathelement location="D:\work\repo\builder\tt\tools\eclipse-sdk-3.7.2\plugins\org.eclipse.ui.workbench_3.7.1.v20120104-1859.jar" />
                <pathelement location="D:\work\repo\builder\tt\tools\eclipse-sdk-3.7.2\plugins\org.eclipse.osgi.services_3.3.0.v20110513.jar" />
                <pathelement location="D:\work\repo\builder\tt\tools\eclipse-sdk-3.7.2\plugins\org.eclipse.core.databinding_1.4.0.I20110111-0800.jar" />
                <pathelement location="D:\work\repo\builder\tt\tools\eclipse-sdk-3.7.2\plugins\org.eclipse.core.resources_3.7.101.v20120125-1505.jar" />
                <pathelement location="D:\work\repo\builder\tt\tools\eclipse-sdk-3.7.2\plugins\org.eclipse.core.runtime_3.7.0.v20110110.jar" />
                <pathelement location="D:\work\repo\builder\tt\tools\eclipse-sdk-3.7.2\plugins\org.eclipse.osgi_3.7.2.v20120110-1415.jar" />
                <pathelement location="D:\work\repo\builder\tt\tools\eclipse-sdk-3.7.2\plugins\org.eclipse.help_3.5.100.v20110426.jar" />
                <pathelement location="D:\work\repo\builder\tt\tools\eclipse-sdk-3.7.2\plugins\org.eclipse.core.filesystem_1.3.100.v20110423-0524.jar" />
                <pathelement location="D:\work\repo\builder\tt\tools\eclipse-sdk-3.7.2\plugins\org.eclipse.core.contenttype_3.4.100.v20110423-0524.jar" />
                <pathelement location="D:\work\repo\builder\tt\tools\eclipse-sdk-3.7.2\plugins\org.eclipse.core.runtime.compatibility.auth_3.2.200.v20110110.jar" />
                <pathelement location="D:\work\repo\builder\tt\tools\eclipse-sdk-3.7.2\plugins\org.eclipse.core.runtime.compatibility.registry_3.5.0.v20110505\runtime_registry_compatibility.jar" />
                <pathelement location="D:\work\repo\builder\tt\tools\eclipse-sdk-3.7.2\plugins\org.eclipse.core.jobs_3.5.101.v20120113-1953.jar" />
                <pathelement location="D:\work\repo\builder\tt\tools\eclipse-sdk-3.7.2\plugins\org.eclipse.jface.databinding_1.5.0.I20100907-0800.jar" />
                <pathelement location="D:\work\repo\builder\tt\output\tbuild\candidates\devtools\branches\huaweiSandbox\tools\common.tools.sample\2015-07-29-0631.huawei\release\eclipse\plugins\com.tibco.sample.plugin_1.0.0.001.jar" />
                <pathelement location="D:\work\repo\builder\tt\tools\eclipse-sdk-3.7.2\plugins\org.eclipse.core.filesystem.win32.x86_64_1.1.300.v20110423-0524.jar" />
                <pathelement location="D:\work\repo\builder\tt\tools\eclipse-sdk-3.7.2\plugins\org.eclipse.equinox.registry_3.5.101.R37x_v20110810-1611.jar" />
                <pathelement location="D:\work\repo\builder\tt\tools\eclipse-sdk-3.7.2\plugins\org.eclipse.core.commands_3.6.0.I20110111-0800.jar" />
                <pathelement location="D:\work\repo\builder\tt\tools\eclipse-sdk-3.7.2\plugins\org.eclipse.jface_3.7.0.v20110928-1505.jar" />
            </classpath>
            <sourcepath >
                <pathelement location="D:\work\repo\builder\devtools\trunk\tools\sample\plugins\com.tibco.sample.plugin\src" />
            </sourcepath>
            <package name="com.tibco.sample.plugin" />
        </javadoc>
    </target>
</project>
