<?xml version='1.0' encoding='UTF-8'?>
<project basedir="." 
         name="obfuscate-com.tibco.sample.feature_1.0.0.002" 
         default="obfuscate" >
    <patternset id="yguard.preserve.serialization.pattern" >
        <include name="com.tibco.**" />
    </patternset>

    <target name="-gather-bin-parts-com.tibco.sample.plugin-release-update-obfuscate" >
        <yguard2 >
            <inoutpair out="D:\work\repo\builder\tt\output\tbuild\candidates\devtools\branches\huaweiSandbox\tools\common.tools.sample\2015-07-29-0631.huawei\jar\release\plugins\com.tibco.sample.plugin_1.0.0.001.jar" 
                       in="D:\work\repo\builder\tt\output\tbuild\candidates\devtools\branches\huaweiSandbox\tools\common.tools.sample\2015-07-29-0631.huawei\jar\debug\plugins\com.tibco.sample.plugin_1.0.0.001.jar" />
            <externalclasses >
                <pathelement location="D:\lang\java\vm\jdk1.8.0_20\jre\lib/rt.jar" />
                <pathelement location="D:\lang\java\vm\jdk1.8.0_20\jre\lib/jsse.jar" />
                <pathelement location="D:\lang\java\vm\jdk1.8.0_20\jre\lib/jce.jar" />
                <pathelement location="D:\work\repo\builder\tt\tools\eclipse-sdk-3.7.2\plugins\org.eclipse.core.runtime_3.7.0.v20110110.jar" />
                <pathelement location="D:\work\repo\builder\tt\tools\eclipse-sdk-3.7.2\plugins\org.eclipse.osgi_3.7.2.v20120110-1415.jar" />
                <pathelement location="D:\work\repo\builder\tt\tools\eclipse-sdk-3.7.2\plugins\org.eclipse.equinox.common_3.6.0.v20110523.jar" />
                <pathelement location="D:\work\repo\builder\tt\tools\eclipse-sdk-3.7.2\plugins\org.eclipse.core.jobs_3.5.101.v20120113-1953.jar" />
                <pathelement location="D:\work\repo\builder\tt\tools\eclipse-sdk-3.7.2\plugins\org.eclipse.equinox.registry_3.5.101.R37x_v20110810-1611.jar" />
                <pathelement location="D:\work\repo\builder\tt\tools\eclipse-sdk-3.7.2\plugins\org.eclipse.core.runtime.compatibility.registry_3.5.0.v20110505\runtime_registry_compatibility.jar" />
                <pathelement location="D:\work\repo\builder\tt\tools\eclipse-sdk-3.7.2\plugins\org.eclipse.equinox.preferences_3.4.2.v20120111-2020.jar" />
                <pathelement location="D:\work\repo\builder\tt\tools\eclipse-sdk-3.7.2\plugins\org.eclipse.core.contenttype_3.4.100.v20110423-0524.jar" />
                <pathelement location="D:\work\repo\builder\tt\tools\eclipse-sdk-3.7.2\plugins\org.eclipse.core.runtime.compatibility.auth_3.2.200.v20110110.jar" />
                <pathelement location="D:\work\repo\builder\tt\tools\eclipse-sdk-3.7.2\plugins\org.eclipse.equinox.app_1.3.100.v20110321.jar" />
                <pathelement location="D:\work\repo\builder\tt\tools\eclipse-sdk-3.7.2\plugins\org.eclipse.osgi.services_3.3.0.v20110513.jar" />
                <pathelement location="D:\work\repo\builder\tt\tools\eclipse-sdk-3.7.2\plugins\javax.servlet_2.5.0.v201103041518.jar" />
                <pathelement location="D:\work\repo\builder\tt\tools\eclipse-sdk-3.7.2\plugins\org.eclipse.ui_3.7.0.v20110928-1505.jar" />
                <pathelement location="D:\work\repo\builder\tt\tools\eclipse-sdk-3.7.2\plugins\org.eclipse.swt_3.7.2.v3740f.jar" />
                <pathelement location="D:\work\repo\builder\tt\tools\eclipse-sdk-3.7.2\plugins\org.eclipse.swt.win32.win32.x86_64_3.7.2.v3740f.jar" />
                <pathelement location="D:\work\repo\builder\tt\tools\eclipse-sdk-3.7.2\plugins\org.eclipse.jface_3.7.0.v20110928-1505.jar" />
                <pathelement location="D:\work\repo\builder\tt\tools\eclipse-sdk-3.7.2\plugins\org.eclipse.core.commands_3.6.0.I20110111-0800.jar" />
                <pathelement location="D:\work\repo\builder\tt\tools\eclipse-sdk-3.7.2\plugins\org.eclipse.ui.workbench_3.7.1.v20120104-1859.jar" />
                <pathelement location="D:\work\repo\builder\tt\tools\eclipse-sdk-3.7.2\plugins\org.eclipse.help_3.5.100.v20110426.jar" />
                <pathelement location="D:\work\repo\builder\tt\tools\eclipse-sdk-3.7.2\plugins\org.eclipse.core.expressions_3.4.300.v20110228.jar" />
                <pathelement location="D:\work\repo\builder\tt\tools\eclipse-sdk-3.7.2\plugins\com.ibm.icu_4.4.2.v20110823.jar" />
                <pathelement location="D:\work\repo\builder\tt\tools\eclipse-sdk-3.7.2\plugins\org.eclipse.jface.databinding_1.5.0.I20100907-0800.jar" />
                <pathelement location="D:\work\repo\builder\tt\tools\eclipse-sdk-3.7.2\plugins\org.eclipse.core.databinding.observable_1.4.0.I20110222-0800.jar" />
                <pathelement location="D:\work\repo\builder\tt\tools\eclipse-sdk-3.7.2\plugins\org.eclipse.core.databinding.property_1.4.0.I20110222-0800.jar" />
                <pathelement location="D:\work\repo\builder\tt\tools\eclipse-sdk-3.7.2\plugins\org.eclipse.core.databinding_1.4.0.I20110111-0800.jar" />
                <pathelement location="D:\work\repo\builder\tt\tools\eclipse-sdk-3.7.2\plugins\org.eclipse.core.resources_3.7.101.v20120125-1505.jar" />
                <pathelement location="D:\work\repo\builder\tt\tools\eclipse-sdk-3.7.2\plugins\org.eclipse.ant.core_3.2.302.v20120110-1739.jar" />
                <pathelement location="D:\work\repo\builder\tt\tools\eclipse-sdk-3.7.2\plugins\org.eclipse.core.variables_3.2.500.v20110928-1503.jar" />
                <pathelement location="D:\work\repo\builder\tt\tools\eclipse-sdk-3.7.2\plugins\org.eclipse.core.filesystem_1.3.100.v20110423-0524.jar" />
                <pathelement location="D:\work\repo\builder\tt\tools\eclipse-sdk-3.7.2\plugins\org.eclipse.core.filesystem.win32.x86_64_1.1.300.v20110423-0524.jar" />
                <pathelement location="D:\work\repo\builder\tt\tools\eclipse-sdk-3.7.2\plugins\org.eclipse.ui.workbench.compatibility_3.2.100.I20110413-1600\compatibility.jar" />
            </externalclasses>
            <rename replaceClassNameStrings="true" 
                    logfile="D:\work\repo\builder\devtools\trunk\tools\sample\build-artifacts\yguard2-com.tibco.sample.plugin_1.0.0.001.map.gz" 
                    conservemanifest="true" >
                <property value="pedantic" 
                          name="error-checking" />
                <property value="mix" 
                          name="naming-scheme" />
                <property name="obfuscation-prefix" 
                          value="com.tibco.sample.plugin" />
                <property value="Deprecated" 
                          name="expose-attributes" />
                <keep runtimevisibleparameterannotations="true" 
                      localvariabletable="false" 
                      runtimevisibleannotations="true" 
                      runtimeinvisibleannotations="false" 
                      localvariabletypetable="false" 
                      sourcefile="true" 
                      runtimeinvisibleparameterannotations="false" 
                      linenumbertable="true" >
                    <class methods="friendly" 
                           classes="friendly" 
                           fields="friendly" >
                        <patternset >
                            <include name="**" />
                        </patternset>
                    </class>
                    <class implements="java.io.Serializable" 
                           fields="private" 
                           methods="friendly" />
                    <field name="serialVersionUID" >
                        <patternset refid="yguard.preserve.serialization.pattern" />
                    </field>
                    <method name="void writeObject(java.io.ObjectOutputStream)" >
                        <patternset refid="yguard.preserve.serialization.pattern" />
                    </method>
                    <method name="void readObject(java.io.ObjectInputStream)" >
                        <patternset refid="yguard.preserve.serialization.pattern" />
                    </method>
                    <method name="java.lang.Object writeReplace()" >
                        <patternset refid="yguard.preserve.serialization.pattern" />
                    </method>
                    <method name="java.lang.Object readResolve()" >
                        <patternset refid="yguard.preserve.serialization.pattern" />
                    </method>
                    <method name="void readObjectNoData()" >
                        <patternset refid="yguard.preserve.serialization.pattern" />
                    </method>
                </keep>
            </rename>
        </yguard2>
    </target>
</project>
