<?xml version='1.0' encoding='UTF-8'?>
<project name="com.tibco.sample.feature.source" 
         basedir="." 
         default="assemble" >

    <target name="-make-output-directories" >
        <mkdir dir="D:\work\repo\builder\tt\output\tbuild\candidates\devtools\branches\huaweiSandbox\tools\common.tools.sample\2015-07-29-0631.huawei\debug\features" />
        <mkdir dir="D:\work\repo\builder\tt\output\tbuild\candidates\devtools\branches\huaweiSandbox\tools\common.tools.sample\2015-07-29-0631.huawei\debug\plugins" />
        <echo append="false" 
              file="D:\work\repo\builder\tt\output\tbuild\candidates\devtools\branches\huaweiSandbox\tools\common.tools.sample\2015-07-29-0631.huawei\debug\.eclipseextension" />
        <mkdir dir="D:\work\repo\builder\tt\output\tbuild\candidates\devtools\branches\huaweiSandbox\tools\common.tools.sample\2015-07-29-0631.huawei\release\eclipse\features" />
        <mkdir dir="D:\work\repo\builder\tt\output\tbuild\candidates\devtools\branches\huaweiSandbox\tools\common.tools.sample\2015-07-29-0631.huawei\release\eclipse\plugins" />
        <echo file="D:\work\repo\builder\tt\output\tbuild\candidates\devtools\branches\huaweiSandbox\tools\common.tools.sample\2015-07-29-0631.huawei\release\eclipse\.eclipseextension" 
              append="false" />
        <mkdir dir="D:\work\repo\builder\tt\output\tbuild\candidates\devtools\branches\huaweiSandbox\tools\common.tools.sample\2015-07-29-0631.huawei\jar\debug\features" />
        <mkdir dir="D:\work\repo\builder\tt\output\tbuild\candidates\devtools\branches\huaweiSandbox\tools\common.tools.sample\2015-07-29-0631.huawei\jar\debug\plugins" />
        <mkdir dir="D:\work\repo\builder\tt\output\tbuild\candidates\devtools\branches\huaweiSandbox\tools\common.tools.sample\2015-07-29-0631.huawei\jar\release\features" />
        <mkdir dir="D:\work\repo\builder\tt\output\tbuild\candidates\devtools\branches\huaweiSandbox\tools\common.tools.sample\2015-07-29-0631.huawei\jar\release\plugins" />
    </target>

    <target name="-assemble-features-*_*_*" >
        <ant target="gather.bin.parts" 
             antfile="build.xml" 
             dir="features\com.tibco.sample.feature.source" >
            <property location="D:\work\repo\builder\tt\output\tbuild\candidates\devtools\branches\huaweiSandbox\tools\common.tools.sample\2015-07-29-0631.huawei\debug" 
                      name="feature.base" />
            <property name="os" 
                      value="*" />
            <property name="arch" 
                      value="*" />
            <property name="ws" 
                      value="*" />
        </ant>
        <zip destfile="D:\work\repo\builder\tt\output\tbuild\candidates\devtools\branches\huaweiSandbox\tools\common.tools.sample\2015-07-29-0631.huawei\jar\debug\features\com.tibco.sample.feature.source_1.0.0.002.jar" 
             basedir="D:\work\repo\builder\tt\output\tbuild\candidates\devtools\branches\huaweiSandbox\tools\common.tools.sample\2015-07-29-0631.huawei\debug\features\com.tibco.sample.feature.source_1.0.0.002" />
    </target>

    <target unless="express-build" 
            name="-copy-and-zip-feature" >
        <copy todir="D:\work\repo\builder\tt\output\tbuild\candidates\devtools\branches\huaweiSandbox\tools\common.tools.sample\2015-07-29-0631.huawei\release\eclipse\features\com.tibco.sample.feature.source_1.0.0.002" >
            <fileset dir="D:\work\repo\builder\tt\output\tbuild\candidates\devtools\branches\huaweiSandbox\tools\common.tools.sample\2015-07-29-0631.huawei\debug\features\com.tibco.sample.feature.source_1.0.0.002" />
        </copy>
        <zip destfile="D:\work\repo\builder\tt\output\tbuild\candidates\devtools\branches\huaweiSandbox\tools\common.tools.sample\2015-07-29-0631.huawei\jar\release\features\com.tibco.sample.feature.source_1.0.0.002.jar" 
             basedir="D:\work\repo\builder\tt\output\tbuild\candidates\devtools\branches\huaweiSandbox\tools\common.tools.sample\2015-07-29-0631.huawei\release\eclipse\features\com.tibco.sample.feature.source_1.0.0.002" />
    </target>

    <target name="-gather-bin-parts-sources.com.tibco.sample" 
            depends="-gather-bin-parts-sources.com.tibco.sample-debug-extension,
	-gather-bin-parts-sources.com.tibco.sample-debug-update,
	-gather-bin-parts-sources.com.tibco.sample-release-update,
	-gather-bin-parts-sources.com.tibco.sample-release-extension" />

    <target name="-gather-bin-parts-sources.com.tibco.sample-debug-extension" >
        <ant target="gather.bin.parts" 
             dir="plugins\sources.com.tibco.sample" 
             antfile="build.xml" >
            <property location="D:\work\repo\builder\tt\output\tbuild\candidates\devtools\branches\huaweiSandbox\tools\common.tools.sample\2015-07-29-0631.huawei\debug\plugins" 
                      name="destination.temp.folder" />
            <property name="os" 
                      value="*" />
            <property name="arch" 
                      value="*" />
            <property value="*" 
                      name="ws" />
        </ant>
    </target>

    <target unless="express-build" 
            name="-gather-bin-parts-sources.com.tibco.sample-release-extension" >
        <copy todir="D:\work\repo\builder\tt\output\tbuild\candidates\devtools\branches\huaweiSandbox\tools\common.tools.sample\2015-07-29-0631.huawei\release\eclipse\plugins\sources.com.tibco.sample_1.0.0.001" >
            <fileset dir="D:\work\repo\builder\tt\output\tbuild\candidates\devtools\branches\huaweiSandbox\tools\common.tools.sample\2015-07-29-0631.huawei\debug\plugins\sources.com.tibco.sample_1.0.0.001" />
        </copy>
    </target>

    <target name="-gather-bin-parts-sources.com.tibco.sample-debug-update" >
        <zip destfile="D:\work\repo\builder\tt\output\tbuild\candidates\devtools\branches\huaweiSandbox\tools\common.tools.sample\2015-07-29-0631.huawei\jar\debug\plugins\sources.com.tibco.sample_1.0.0.001.jar" 
             basedir="D:\work\repo\builder\tt\output\tbuild\candidates\devtools\branches\huaweiSandbox\tools\common.tools.sample\2015-07-29-0631.huawei\debug\plugins\sources.com.tibco.sample_1.0.0.001" />
    </target>

    <target name="-gather-bin-parts-sources.com.tibco.sample-release-update" 
            unless="express-build" >
        <copy tofile="D:\work\repo\builder\tt\output\tbuild\candidates\devtools\branches\huaweiSandbox\tools\common.tools.sample\2015-07-29-0631.huawei\jar\release\plugins\sources.com.tibco.sample_1.0.0.001.jar" 
              file="D:\work\repo\builder\tt\output\tbuild\candidates\devtools\branches\huaweiSandbox\tools\common.tools.sample\2015-07-29-0631.huawei\jar\debug\plugins\sources.com.tibco.sample_1.0.0.001.jar" />
    </target>

    <target name="gather.bin.parts-*_*_*" 
            depends="-gather-bin-parts-sources.com.tibco.sample" />

    <target depends="-assemble-features-*_*_*, -copy-and-zip-feature, gather.bin.parts-*_*_*" 
            name="assemble-*_*_*" />

    <target depends="-make-output-directories,
	assemble-*_*_*,
	-copy-feature-to-local-site-release,
	-copy-feature-to-local-site-debug" 
            name="assemble" />

    <target name="clean" >
        <delete file="D:\work\repo\builder\devtools\trunk\tools\sample\assemble.xml" />
        <delete >
            <fileset includes="build.xml, **/*.args" 
                     dir="D:\work\repo\builder\devtools\trunk\tools\sample\plugins\sources.com.tibco.sample" />
        </delete>
    </target>

    <target name="-copy-feature-to-local-site-release" 
            unless="express-build" >
        <copy file="D:\work\repo\builder\tt\output\tbuild\candidates\devtools\branches\huaweiSandbox\tools\common.tools.sample\2015-07-29-0631.huawei\jar\release\features\com.tibco.sample.feature.source_1.0.0.002.jar" 
              todir="D:\work\repo\builder\tt\output\tbuild\workspaceInstaller\local-builds-site\features" />
        <copy file="D:\work\repo\builder\tt\output\tbuild\candidates\devtools\branches\huaweiSandbox\tools\common.tools.sample\2015-07-29-0631.huawei\jar\release\plugins\sources.com.tibco.sample_1.0.0.001.jar" 
              todir="D:\work\repo\builder\tt\output\tbuild\workspaceInstaller\local-builds-site\plugins" />
    </target>

    <target name="-copy-feature-to-local-site-debug" >
        <copy file="D:\work\repo\builder\tt\output\tbuild\candidates\devtools\branches\huaweiSandbox\tools\common.tools.sample\2015-07-29-0631.huawei\jar\debug\features\com.tibco.sample.feature.source_1.0.0.002.jar" 
              todir="D:\work\repo\builder\tt\output\tbuild\workspaceInstaller\local-builds-site-debug\features" />
        <copy file="D:\work\repo\builder\tt\output\tbuild\candidates\devtools\branches\huaweiSandbox\tools\common.tools.sample\2015-07-29-0631.huawei\jar\debug\plugins\sources.com.tibco.sample_1.0.0.001.jar" 
              todir="D:\work\repo\builder\tt\output\tbuild\workspaceInstaller\local-builds-site-debug\plugins" />
    </target>
</project>
